{"cameraMode":{"drawMode":0,"name":"Shaded","section":"Shading Mode"},"sceneLighting":true,"audioPlay":false,"sceneViewState":{"m_AlwaysRefresh":false,"showFog":true,"showSkybox":true,"showFlares":true,"showImageEffects":true,"showParticleSystems":true,"showVisualEffectGraphs":true,"m_FxEnabled":false},"in2DMode":false,"pivot":{"x":-24.924762725830079,"y":1.9642075300216675,"z":4.888891696929932},"rotation":{"x":-0.0011791260913014413,"y":0.04651382938027382,"z":0.00026529101887717843,"w":0.9990572333335877},"size":3.6188011169433595,"orthographic":false}